S1_time,S1_IBI,S2_time,S2_IBI,S3_time,S3_IBI,S4_time,S4_IBI,S5_time,S5_IBI,S6_time,S6_IBI,S7_time,S7_IBI,S8_time,S8_IBI,S9_time,S9_IBI,S10_time,S10_IBI
166.788885,0.390643,68.065616,0.359391,95.895015,0.484397,35.095357,0.343766,21.563487,0.43752,94.535578,0.312514,65.846764,0.515649,113.286436,0.500023,40.73624,0.43752,34.126562,0.531274
217.697465,0.421894,68.37813,0.312514,119.036699,0.578151,106.567378,0.515649,21.922879,0.359391,185.58662,0.343766,92.988631,0.421894,119.692979,0.359391,104.567286,0.484397,66.987441,0.421894
219.775685,0.468771,68.70627,0.32814,202.649901,0.390643,226.947889,0.32814,79.409885,0.312514,213.447271,0.390643,120.81803,0.484397,153.225764,0.65628,165.585705,0.32814,67.378084,0.390643
220.181954,0.406269,169.898402,0.43752,203.009293,0.359391,379.56425,0.343766,114.442739,0.32814,213.759785,0.312514,178.242534,0.359391,165.210687,0.32814,309.920436,0.421894,67.690598,0.312514
475.599895,0.390643,202.228007,0.421894,203.431187,0.421894,389.127187,0.390643,149.131826,0.43752,428.566493,0.375017,274.981337,0.625029,179.89886,0.375017,310.295454,0.375017,100.582729,0.468771
544.196785,0.500023,237.792135,0.32814,226.604123,0.312514,389.564707,0.43752,149.616224,0.484397,434.066744,0.32814,275.575114,0.593777,222.369554,0.406269,310.764225,0.468771,164.241893,0.515649
568.557276,0.43752,258.324325,0.5469,347.000259,0.390643,417.612866,0.406269,150.210001,0.593777,464.740023,0.421894,308.873513,0.312514,250.933361,0.390643,336.906047,0.421894,246.683167,0.375017
568.932293,0.375017,343.281338,0.43752,350.797308,0.43752,417.92538,0.312514,150.756901,0.5469,470.521538,0.453146,338.39049,0.375017,305.670242,0.406269,434.613644,0.312514,326.014923,0.375017
603.215112,0.515649,463.1462,0.390643,429.004013,0.421894,422.488089,0.500023,183.008377,0.43752,563.603924,0.375017,349.015976,0.375017,306.170265,0.500023,480.568873,0.390643,331.577678,0.5469
714.220193,0.484397,463.552469,0.406269,560.369401,0.343766,443.535928,0.500023,284.903666,0.359391,564.135198,0.531274,353.969328,0.468771,395.330596,0.32814,657.920741,0.500023,390.424121,0.453146
729.455266,0.562526,511.42966,0.5469,560.697541,0.32814,503.210534,0.515649,285.309935,0.406269,592.745883,0.5469,370.95448,0.468771,395.674362,0.343766,753.534492,0.390643,517.351806,0.453146
793.692581,0.421894,511.992186,0.562526,701.219598,0.453146,503.569926,0.359391,292.153998,0.359391,598.246135,0.453146,371.407626,0.453146,410.190651,0.562526,766.550713,0.484397,590.058259,0.375017
794.176978,0.484397,530.961804,0.343766,701.68837,0.468771,528.258556,0.312514,324.20234,0.421894,598.761783,0.515649,625.403627,0.375017,617.622021,0.484397,766.956982,0.406269,701.766498,0.375017
800.55227,0.500023,561.041306,0.421894,763.09743,0.531274,528.57107,0.312514,324.702363,0.500023,1225.649853,0.484397,634.904062,0.484397,680.578028,0.375017,767.425753,0.468771,716.595302,0.5469
920.526512,0.515649,607.840323,0.390643,803.83367,0.421894,539.493445,0.406269,847.101275,0.406269,1282.339948,0.343766,638.951123,0.390643,692.078554,0.468771,776.0824,0.421894,720.079836,0.5469
920.917155,0.390643,608.309095,0.468771,804.193062,0.359391,544.39992,0.453146,847.491918,0.390643,1464.082643,0.468771,639.404268,0.453146,692.562952,0.484397,848.61697,0.312514,720.486105,0.406269
921.448429,0.531274,608.762241,0.453146,817.818685,0.468771,544.806188,0.406269,856.60171,0.453146,1488.255624,0.375017,726.548882,0.453146,692.96922,0.406269,894.290936,0.312514,775.519874,0.718783
927.448704,0.453146,756.550256,0.359391,852.945293,0.484397,545.16558,0.359391,856.961102,0.359391,1488.786898,0.531274,790.145543,0.406269,693.359863,0.390643,1221.884056,0.531274,913.354308,0.43752
972.091372,0.359391,756.940898,0.390643,1024.187507,0.531274,567.369721,0.468771,1124.817113,0.32814,1571.650066,0.484397,811.974668,0.515649,693.719254,0.359391,1331.217185,0.343766,913.791828,0.43752
972.513266,0.421894,831.928706,0.468771,1091.112445,0.484397,571.088641,0.359391,1514.131808,0.406269,1572.150089,0.500023,829.553597,0.5469,694.078646,0.359391,1400.517233,0.343766,1110.472706,0.359391
1088.346694,0.375017,879.024612,0.453146,1225.446719,0.359391,571.479284,0.390643,1514.538077,0.406269,1574.931467,0.5469,830.194252,0.640654,697.938198,0.421894,1414.736634,0.375017,1183.351042,0.531274
1197.851706,0.343766,879.509009,0.484397,1263.557839,0.359391,785.176566,0.43752,1522.882209,0.500023,1604.339063,0.468771,980.591761,0.406269,698.297589,0.359391,1453.488407,0.484397,1183.913568,0.562526
1198.16422,0.312514,897.212944,0.375017,1263.91723,0.359391,883.712327,0.562526,1528.929361,0.484397,1633.574776,0.609403,987.920221,0.390643,744.580958,0.32814,1487.239952,0.562526,1203.08632,0.343766
1243.49442,0.312514,1038.735047,0.359391,1264.24537,0.32814,893.165884,0.593777,1529.491886,0.562526,1636.324902,0.593777,994.45177,0.32814,749.753069,0.32814,1487.911858,0.671906,1205.367675,0.453146
1243.806935,0.312514,1064.048706,0.406269,1278.558525,0.359391,908.166571,0.500023,1529.945032,0.453146,1649.403625,0.500023,994.77991,0.32814,970.935069,0.468771,1491.302638,0.531274,1394.360701,0.453146
1303.919061,0.484397,1146.16184,0.32814,1356.124576,0.343766,957.996977,0.375017,1530.476306,0.531274,1651.669354,0.5469,1139.114642,0.562526,971.278835,0.343766,1491.802661,0.500023,1424.877723,0.43752
1431.659283,0.5469,1171.72551,0.406269,1356.43709,0.312514,1041.407045,0.484397,1535.585915,0.500023,1672.32655,0.5469,1139.536536,0.421894,1058.173437,0.343766,1492.333935,0.531274,1520.647732,0.375017
1477.411378,0.531274,1246.400803,0.343766,1356.812107,0.375017,1052.282543,0.359391,1536.179693,0.593777,1677.24865,0.390643,1139.942805,0.406269,1158.584283,0.43752,1492.86521,0.531274,1521.038374,0.390643
1478.036406,0.625029,1398.37651,0.390643,1365.781268,0.421894,1173.647473,0.468771,1536.726593,0.5469,1750.87702,0.484397,1203.52384,0.531274,1159.037429,0.453146,1493.427736,0.562526,1521.38214,0.343766
1478.536429,0.500023,1415.642925,0.359391,1392.891884,0.375017,1174.100619,0.453146,1537.257867,0.531274,1751.502049,0.625029,1264.886024,0.43752,1159.490575,0.453146,1493.896507,0.468771,1521.81966,0.43752
1485.552375,0.484397,1415.955439,0.312514,1436.065735,0.640654,1288.215217,0.32814,1537.742264,0.484397,1751.97082,0.468771,1265.261041,0.375017,1308.716156,0.390643,1494.334027,0.43752,1524.304149,0.562526
1486.068024,0.515649,1416.283579,0.32814,1436.800144,0.734409,1288.668363,0.453146,1538.164158,0.421894,1786.222388,0.468771,1265.604807,0.343766,1318.904122,0.421894,1494.818424,0.484397,1531.507604,0.515649
1486.63055,0.562526,1461.457522,0.343766,1437.347044,0.5469,1302.231484,0.375017,1538.664181,0.500023,1858.850713,0.343766,1272.261362,0.43752,1402.079804,0.5469,1500.381179,0.484397,1532.070129,0.562526
1487.17745,0.5469,1461.910668,0.453146,1441.425355,0.5469,1371.094011,0.468771,1539.17983,0.515649,1907.352933,0.421894,1339.108172,0.468771,1412.252145,0.390643,1500.896827,0.515649,1532.617029,0.5469
1487.599344,0.421894,1509.772234,0.609403,1441.987881,0.562526,1371.594034,0.500023,1539.648601,0.468771,1955.433259,0.390643,1339.608195,0.500023,1412.689665,0.43752,1501.349973,0.453146,1533.163929,0.5469
1488.130618,0.531274,1510.225379,0.453146,1442.425401,0.43752,1372.078431,0.484397,1545.180104,0.500023,1955.839527,0.406269,1386.59472,0.406269,1471.520483,0.375017,1501.818745,0.468771,1535.585915,0.531274
1498.77173,0.578151,1521.81966,0.468771,1442.987927,0.562526,1469.520391,0.406269,1545.680127,0.500023,2137.410339,0.515649,1517.944483,0.390643,1483.239769,0.406269,1506.912728,0.562526,1541.054916,0.500023
1499.271753,0.500023,1535.78905,0.593777,1443.550453,0.562526,1470.051666,0.531274,1550.164708,0.531274,2139.222922,0.390643,1518.288249,0.343766,1483.739792,0.500023,1507.428376,0.515649,1541.570564,0.515649
1499.803028,0.531274,1536.351575,0.562526,1444.097353,0.5469,1473.004926,0.343766,1575.228355,0.562526,2151.145342,0.375017,1570.806278,0.562526,1524.866675,0.43752,1507.959651,0.531274,1545.539496,0.484397
1500.271799,0.468771,1536.804721,0.453146,1444.519247,0.421894,1486.833684,0.515649,1582.900581,0.5469,2160.536397,0.468771,1606.432908,0.578151,1604.479694,0.343766,1508.522177,0.562526,1546.102022,0.562526
1500.693693,0.421894,1537.445375,0.640654,1448.066284,0.484397,1487.349333,0.515649,1583.447481,0.5469,2161.067672,0.531274,1615.683332,0.312514,1619.308498,0.421894,1509.053451,0.531274,1625.90255,0.468771
1501.224968,0.531274,1538.08603,0.640654,1448.62881,0.562526,1628.121401,0.484397,1584.010007,0.562526,2287.073439,0.390643,1634.074799,0.390643,1687.045973,0.343766,1509.569099,0.515649,1626.418198,0.515649
1501.787493,0.562526,1538.617304,0.531274,1449.17571,0.5469,1628.683927,0.562526,1584.603784,0.593777,2290.964242,0.484397,1634.465441,0.390643,1730.610467,0.375017,1534.085847,0.500023,1648.497334,0.406269
1502.209388,0.421894,1539.101701,0.484397,1449.738236,0.562526,1687.108476,0.453146,1585.103807,0.500023,2351.170123,0.500023,1634.840459,0.375017,1730.954233,0.343766,1539.086076,0.531274,1648.966105,0.468771
1531.070084,0.359391,1556.508748,0.500023,1452.12897,0.421894,1812.223578,0.343766,1585.681958,0.578151,2471.175617,0.484397,1891.774095,0.375017,1731.282373,0.32814,1542.008084,0.312514,1738.142062,0.500023
1541.414307,0.531274,1557.024397,0.515649,1456.113528,0.453146,1988.934792,0.531274,1592.729156,0.43752,2548.757293,0.43752,2127.706769,0.343766,1863.038404,0.343766,1542.367476,0.359391,1738.688962,0.5469
1541.961207,0.5469,1557.430665,0.406269,1456.566674,0.453146,2029.561652,0.453146,1605.47974,0.531274,2572.961526,0.359391,2128.113038,0.406269,1882.16428,0.32814,1545.117602,0.500023,1739.329617,0.640654
1583.009961,0.578151,1559.743271,0.468771,1457.176076,0.609403,2029.936669,0.375017,1605.964137,0.484397,2632.323618,0.468771,2292.979959,0.359391,1944.167118,0.359391,1545.664502,0.5469,1742.01724,0.484397
1585.16631,0.43752,1609.479923,0.578151,1457.629222,0.453146,2122.659663,0.421894,1606.589165,0.625029,2632.761138,0.43752,2399.922355,0.43752,2223.351772,0.562526,1564.368483,0.515649,1742.501637,0.484397
1585.791339,0.625029,1624.464984,0.609403,1458.113619,0.484397,2138.566642,0.453146,1610.995617,0.562526,2782.502367,0.562526,2466.175387,0.343766,2223.836169,0.484397,1564.946634,0.578151,1751.814563,0.468771
1590.150913,0.531274,1625.027509,0.562526,1458.723022,0.609403,2195.444245,0.343766,1611.542517,0.5469,2866.756224,0.359391,2511.318079,0.312514,2237.821185,0.562526,1565.50916,0.562526,1755.080338,0.531274
1596.229316,0.453146,1625.465029,0.43752,1459.301174,0.578151,2198.506885,0.484397,1612.120669,0.578151,2867.09999,0.343766,2511.67747,0.359391,2240.24317,0.421894,1566.181066,0.671906,1767.643413,0.32814
1609.651806,0.640654,1629.418335,0.484397,1464.270151,0.515649,2199.022534,0.515649,1612.683194,0.562526,2969.120285,0.43752,2512.036862,0.359391,2240.618188,0.375017,1594.916756,0.640654,1836.06842,0.453146
1610.339337,0.687531,1629.94961,0.531274,1464.801425,0.531274,2211.804369,0.343766,1613.24572,0.562526,3062.046413,0.406269,2552.210576,0.406269,2240.977579,0.359391,1595.463656,0.5469,1851.850392,0.609403
1616.542746,0.453146,1636.496784,0.609403,1465.348325,0.5469,2341.779068,0.531274,1613.698866,0.453146,3136.596701,0.343766,2665.247,0.421894,2399.078566,0.500023,1595.963679,0.500023,1862.569633,0.468771
1665.857504,0.359391,1637.05931,0.562526,1465.863974,0.515649,2373.921165,0.484397,1616.605249,0.593777,3137.049846,0.453146,2665.606391,0.359391,2497.317438,0.421894,1613.105089,0.531274,1863.116533,0.5469
1666.279398,0.421894,1637.559333,0.500023,1466.270243,0.406269,2374.436813,0.515649,1617.105272,0.500023,3220.350534,0.375017,2665.918905,0.312514,2614.775939,0.375017,1613.620737,0.515649,1879.742294,0.484397
1681.280085,0.515649,1640.371962,0.640654,1481.880332,0.562526,2375.014965,0.578151,1617.683423,0.578151,3321.464538,0.562526,2666.262671,0.343766,2673.55988,0.468771,1616.85526,0.531274,1898.305644,0.359391
1819.989559,0.562526,1661.701063,0.5469,1482.505361,0.625029,2417.751296,0.32814,1618.183446,0.500023,3366.982246,0.390643,2743.969353,0.43752,2729.140549,0.5469,1617.339658,0.484397,1908.431107,0.421894
1820.536459,0.5469,1662.138583,0.43752,1483.161641,0.65628,2425.595405,0.484397,1618.792849,0.609403,3391.842759,0.500023,2763.45462,0.359391,2729.718701,0.578151,1626.761964,0.562526,1969.121385,0.484397
1821.036482,0.500023,1666.013761,0.484397,1483.724167,0.562526,2706.202,0.468771,1627.074478,0.562526,3392.327157,0.484397,2763.876514,0.421894,2840.208133,0.421894,1627.246361,0.484397,1969.574531,0.453146
1821.692762,0.65628,1669.888938,0.515649,1490.365096,0.531274,2706.623894,0.421894,1633.137256,0.578151,3392.983437,0.65628,2859.334009,0.421894,2849.271048,0.453146,1667.826344,0.578151,1973.184071,0.343766
1822.208411,0.515649,1670.513967,0.625029,1490.89637,0.531274,2780.783539,0.578151,1633.699781,0.562526,3393.592839,0.609403,2880.834993,0.515649,2873.709667,0.359391,1670.607721,0.640654,2049.51569,0.562526
1895.743026,0.343766,1676.404861,0.468771,1491.568276,0.671906,3047.670755,0.43752,1634.262307,0.562526,3394.170991,0.578151,3048.248906,0.406269,3217.225391,0.390643,1705.609323,0.562526,2073.923057,0.390643
1898.743164,0.421894,1678.67059,0.531274,1501.943751,0.5469,3048.280158,0.609403,1639.293787,0.578151,3455.392543,0.453146,3102.704524,0.421894,3217.725414,0.500023,1712.062743,0.484397,2103.721296,0.421894
1899.227561,0.484397,1679.248741,0.578151,1502.459399,0.515649,3052.530352,0.593777,1642.497059,0.453146,3898.990973,0.750034,3238.757627,0.32814,3218.131683,0.406269,1735.173176,0.578151,2104.080688,0.359391
1899.711958,0.484397,1679.686261,0.43752,1503.006299,0.5469,3173.551517,0.968794,1645.325314,0.562526,3899.834762,0.843789,3362.825806,1.343812,3244.50789,0.43752,1784.316051,0.390643,2128.316172,0.406269
1984.122072,0.484397,1680.326916,0.640654,1503.521948,0.515649,3339.059093,0.593777,1645.778459,0.453146,3900.772305,0.937543,3415.921986,0.843789,3277.478149,0.390643,1805.738906,0.515649,2128.644312,0.32814
1986.075286,0.421894,1681.030073,0.703157,1504.084474,0.562526,3393.624091,0.421894,1648.684842,0.578151,3908.725794,0.87504,3502.238438,1.187554,3328.417981,0.343766,1806.145175,0.406269,2156.98936,0.390643
1986.465929,0.390643,1690.593011,0.43752,1504.725128,0.640654,3427.375636,1.015671,1649.184865,0.500023,3954.134122,0.359391,3530.536608,0.375017,3370.951178,0.375017,1943.776475,0.406269,2157.395628,0.406269
2097.90853,0.32814,1697.312068,0.578151,1505.256402,0.531274,3428.422559,1.046923,1649.731765,0.5469,4024.621724,0.421894,3530.849123,0.312514,3472.768338,0.359391,1944.120241,0.343766,2162.364606,0.468771
2103.830677,0.453146,1697.874594,0.562526,1505.850179,0.593777,3440.954382,0.500023,1658.013394,0.5469,4133.626714,0.843789,3561.881793,0.421894,3473.143356,0.375017,2052.375196,0.578151,2184.52187,0.453146
2104.268197,0.43752,1708.562583,0.515649,1506.381454,0.531274,3465.439878,0.515649,1658.450914,0.43752,4147.09608,0.796911,3562.272436,0.390643,3473.612127,0.468771,2067.954034,0.421894,2226.101898,0.375017
2104.799471,0.531274,1720.656887,0.65628,1506.975231,0.593777,3465.986778,0.5469,1660.638515,0.484397,4147.877366,0.781286,3674.5432,0.87504,3492.6755,0.43752,2068.329051,0.375017,2291.198628,0.421894
2205.975977,0.468771,1727.657207,0.468771,1507.428377,0.453146,3498.722651,0.312514,1661.232292,0.593777,4198.379678,0.500023,3675.371363,0.828163,3546.7561,0.390643,2078.90766,0.406269,2291.714277,0.515649
2217.163989,0.32814,1754.627192,0.531274,1510.803531,0.531274,3525.255116,0.515649,1661.794817,0.562526,4330.979497,0.375017,3676.027643,0.65628,3571.788496,0.531274,2146.285745,0.578151,2292.183048,0.468771
2249.556097,0.390643,1755.267846,0.640654,1511.31918,0.515649,3560.412975,0.625029,1681.014447,0.453146,4331.323263,0.343766,3851.988823,0.859414,3572.366647,0.578151,2238.133699,0.390643,2302.105377,0.406269
2340.341503,0.375017,1918.00967,0.375017,1514.05368,0.609403,3733.077129,0.593777,1687.030348,0.5469,4333.167098,0.500023,3871.91161,0.421894,3819.94048,0.609403,2238.571219,0.43752,2371.921073,0.531274
2354.310892,0.453146,1918.478442,0.468771,1514.569329,0.515649,3733.670906,0.593777,1687.467868,0.43752,4491.861861,0.640654,3872.333504,0.421894,3871.020943,0.359391,2418.360699,0.390643,2412.110413,0.500023
2359.295495,0.343766,1993.794389,0.375017,1515.194357,0.625029,3814.080837,0.359391,1697.937097,0.500023,4551.333334,0.421894,4117.422848,0.812537,3880.912021,0.375017,2418.860722,0.500023,2465.58161,0.406269
2369.12407,0.453146,2055.922233,0.500023,1515.710006,0.515649,3870.880312,0.484397,1698.515248,0.578151,4579.694007,0.468771,4125.501342,0.390643,3969.853592,0.500023,2419.235739,0.375017,2523.365505,0.359391
2369.686596,0.562526,2056.344128,0.421894,1516.272532,0.562526,3949.508911,0.468771,1701.218497,0.593777,4749.889298,0.484397,4306.259616,0.343766,3977.307058,0.484397,2423.735945,0.484397,2771.470612,0.343766
2370.249122,0.562526,2072.844883,0.593777,1516.741303,0.468771,4318.588305,0.453146,1701.656017,0.43752,4900.005544,0.859414,4306.634634,0.375017,4057.732615,0.625029,2474.863285,0.500023,2826.191867,0.375017
2370.76477,0.515649,2079.517063,0.593777,1517.303829,0.562526,4319.041451,0.453146,1705.624949,0.640654,4900.89621,0.890666,4307.087779,0.453146,4069.951924,0.890666,2599.181476,0.375017,2972.917333,0.32814
2420.767059,0.421894,2096.674099,0.531274,1517.928857,0.625029,4397.826307,0.406269,1717.047347,0.500023,5043.55899,1.53132,4411.608189,0.375017,4082.483748,0.593777,2599.556493,0.375017,3003.887501,0.421894
2421.095199,0.32814,2112.09668,0.43752,1518.444506,0.515649,4489.20549,0.421894,1717.500492,0.453146,5093.998799,0.531274,4416.295903,0.609403,4082.921268,0.43752,2726.093535,0.515649,3096.813629,0.468771
2445.127549,0.421894,2191.772202,0.390643,1519.053909,0.609403,4631.852644,0.468771,1719.859975,0.625029,5187.721839,0.390643,4416.99906,0.703157,4083.311911,0.390643,2875.287864,0.76566,3109.048564,0.343766
2484.863743,0.32814,2192.084716,0.312514,1519.553932,0.500023,4834.330663,0.500023,1720.344373,0.484397,5262.834652,0.343766,4635.540314,0.5469,4151.424403,0.32814,3003.981255,0.781286,3167.301231,0.5469
2485.23876,0.375017,2192.412856,0.32814,1520.132083,0.578151,4834.736931,0.406269,1720.93815,0.593777,5263.162792,0.32814,4727.341391,0.421894,4190.082423,0.531274,3004.950049,0.968794,3228.194643,0.609403
2563.648599,0.484397,2209.601143,0.515649,1520.600855,0.468771,4836.737023,0.421894,1721.391295,0.453146,5267.91301,0.406269,4727.825788,0.484397,4193.676337,0.687531,3005.793838,0.843789,3228.882175,0.687531
2601.712842,0.421894,2218.617181,0.359391,1521.179006,0.578151,4857.581727,0.484397,1722.016324,0.625029,5268.24115,0.32814,4817.704902,0.734409,4194.488875,0.812537,3138.659295,1.234432,3229.522829,0.640654
2734.515796,0.375017,2235.555456,0.578151,1521.725906,0.5469,4859.878707,0.562526,1722.500721,0.484397,5628.617021,0.515649,4882.410989,0.65628,4274.695671,0.359391,3172.6296,0.781286,3274.44676,0.32814
2775.533298,0.421894,2301.386594,0.453146,1522.304058,0.578151,4945.070107,0.515649,1741.220328,0.562526,5629.038915,0.421894,4882.989141,0.578151,4275.070688,0.375017,3270.009057,0.406269,3274.899906,0.453146
2776.048947,0.515649,2301.761611,0.375017,1525.022932,0.500023,4965.055397,0.375017,1741.767228,0.5469,5629.507687,0.468771,5015.682715,0.43752,4275.523834,0.453146,3584.289068,0.468771,3275.21242,0.312514
2803.815843,0.5469,2302.183506,0.421894,1525.601084,0.578151,4965.414788,0.359391,1746.142428,0.625029,5630.00771,0.500023,5036.652425,0.343766,4275.930103,0.406269,3584.710963,0.421894,3275.603063,0.390643
2804.206486,0.390643,2302.558523,0.375017,1526.179235,0.578151,4996.088067,0.343766,1746.658077,0.515649,5825.32915,0.43752,5066.622546,0.843789,4276.430125,0.500023,3679.184037,0.609403,3280.056392,0.453146
2919.571141,0.359391,2302.886663,0.32814,1526.773012,0.593777,4996.556839,0.468771,1747.220603,0.562526,5825.719793,0.390643,5067.622592,1.000046,4344.35511,0.312514,3679.668434,0.484397,3280.415784,0.359391
3003.903127,0.406269,2326.809633,0.359391,1527.273035,0.500023,5020.589189,0.406269,1747.689374,0.468771,5828.282411,0.468771,5068.497632,0.87504,4344.714501,0.359391,3698.013024,0.406269,3280.837678,0.421894
3011.012827,0.390643,2327.200276,0.390643,1527.866812,0.593777,5160.829983,0.640654,1748.330029,0.640654,5828.641802,0.359391,5069.669561,1.171929,4345.058267,0.343766,3770.406963,0.562526,3281.290824,0.453146
3029.294914,0.312514,2405.766372,0.312514,1528.429338,0.562526,5161.564392,0.734409,1748.814426,0.484397,5904.270264,0.312514,5070.888367,1.218806,4552.083368,0.375017,3770.985114,0.578151,3288.291144,0.375017
3054.155427,0.43752,2477.566534,0.515649,1529.007489,0.578151,5162.205046,0.640654,1749.439454,0.625029,5928.537,0.468771,5072.310307,1.42194,4620.008353,0.375017,3779.626135,0.390643,3293.963279,0.421894
3054.514818,0.359391,2477.925925,0.359391,1529.507512,0.500023,5241.739937,0.43752,1749.923851,0.484397,6128.983675,0.390643,5238.333531,0.359391,4620.430247,0.421894,3780.07928,0.453146,3300.166688,0.343766
3063.249593,0.578151,2483.035534,0.468771,1530.070038,0.562526,5282.444925,0.609403,1750.423874,0.500023,6171.313738,0.312514,5395.778238,0.468771,4805.032447,0.312514,3780.62618,0.5469,3300.494828,0.32814
3065.280936,0.500023,2483.48868,0.453146,1530.64819,0.578151,5398.403358,0.453146,1752.705229,0.578151,6228.175715,0.359391,5481.985309,0.734409,4805.391839,0.359391,3819.924854,0.32814,3300.838593,0.343766
3102.970161,0.65628,2500.598838,0.32814,1531.163838,0.515649,5398.872129,0.468771,1753.174,0.468771,6251.473657,0.359391,5754.185269,0.375017,4815.048531,0.484397,3840.03515,0.453146,3301.151108,0.312514
3110.189242,0.43752,2517.662119,0.421894,1534.554618,0.625029,5442.764763,0.515649,1758.221106,0.640654,6271.365192,0.531274,5835.532743,0.468771,4921.522154,0.375017,3864.926914,0.312514,3301.526125,0.375017
3143.143875,0.87504,2520.724759,0.515649,1535.02339,0.468771,5500.25177,0.312514,1760.877478,0.5469,6271.802712,0.43752,6048.214353,0.32814,5015.354574,0.421894,3865.301931,0.375017,3363.825852,0.890666
3143.862658,0.718783,2521.349788,0.625029,1535.57029,0.5469,5632.804712,0.421894,1761.518132,0.640654,6272.28711,0.484397,6135.562102,0.468771,5015.838972,0.484397,4132.736048,0.515649,3364.857149,1.031297
3144.690821,0.828163,2541.381955,0.484397,1536.179693,0.609403,5656.415168,0.406269,1762.049407,0.531274,6399.511683,0.625029,6222.14419,0.609403,5016.385872,0.5469,4156.737147,0.98442,3365.779066,0.921917
3145.675241,0.98442,2667.278343,0.359391,1536.757844,0.578151,5656.868314,0.453146,1762.705687,0.65628,6509.157327,0.703157,6222.675464,0.531274,5016.964023,0.578151,4157.737193,1.000046,3366.63848,0.859414
3241.77339,1.000046,2667.622108,0.343766,1537.273493,0.515649,5677.697392,0.453146,1763.268212,0.562526,6531.455223,0.359391,6368.463387,0.43752,5040.840116,0.500023,4274.867554,1.140677,3384.123656,0.98442
3242.64843,0.87504,2667.9815,0.359391,1537.86727,0.593777,5770.842281,0.796911,1779.534582,0.671906,6538.705555,0.390643,6368.916533,0.453146,5052.356268,0.390643,4284.258609,0.468771,3519.286093,0.640654
3324.339669,0.531274,2688.638695,0.32814,1538.367293,0.500023,5836.907805,0.828163,1866.085419,0.421894,6634.897458,0.609403,6392.073843,0.406269,5087.295367,0.671906,4356.558794,0.640654,3675.293234,0.406269
3440.56374,0.421894,2778.18967,0.343766,1538.914193,0.5469,5882.941162,0.609403,1868.929299,0.5469,6775.185129,0.359391,6430.466226,0.343766,5189.346914,0.343766,4392.85733,0.687531,3711.388636,0.375017
3486.206454,0.625029,2818.410261,0.515649,1539.492344,0.578151,5883.691196,0.750034,1871.085648,0.484397,6793.904736,1.390689,6621.115577,0.468771,5189.815685,0.468771,4643.650061,0.671906,3711.716776,0.32814
3486.784606,0.578151,2818.894658,0.484397,1540.007993,0.515649,5893.37914,0.421894,1904.805941,0.500023,6877.236676,0.359391,6797.201763,0.500023,5205.441401,0.375017,4669.416865,0.390643,3958.384318,0.32814
3487.472137,0.687531,2819.441558,0.5469,1540.617396,0.609403,5893.691654,0.312514,1913.806353,0.515649,6890.424779,0.32814,6825.32805,0.375017,5217.145061,0.453146,4800.375985,0.375017,4037.216051,0.812537
3488.034663,0.562526,2866.287452,0.500023,1541.133044,0.515649,5894.097923,0.406269,1914.259499,0.453146,6890.893551,0.468771,6839.922468,0.406269,5217.582581,0.43752,4888.301884,0.312514,4038.106717,0.890666
3751.968619,0.5469,2866.678095,0.390643,1541.679945,0.5469,6015.556608,0.421894,2037.405761,0.421894,7075.792639,0.531274,6920.832422,0.312514,5231.473842,0.43752,4888.630024,0.32814,4038.997383,0.890666
3752.515519,0.5469,2902.867252,0.453146,1542.24247,0.562526,6015.962876,0.406269,2277.010478,0.359391,7101.856333,0.390643,6931.989182,0.343766,5232.020742,0.5469,4889.036293,0.406269,4040.122434,1.125051
3860.379832,0.625029,2909.055035,0.468771,1542.820622,0.578151,6020.947479,0.562526,2334.638116,0.375017,7260.144828,0.421894,6932.317322,0.32814,5263.506558,0.484397,5076.294865,0.593777,4041.138106,1.015671
3860.989234,0.609403,2916.602255,0.359391,1543.351896,0.531274,6135.077704,0.453146,2433.939537,0.453146,7303.584316,0.687531,6994.117026,0.421894,5327.196974,0.390643,5185.768626,0.968794,4167.034493,0.640654
4105.250415,0.421894,2916.946021,0.343766,1543.930048,0.578151,6435.544582,0.562526,2449.674632,0.500023,7349.477042,0.43752,6994.476418,0.359391,5568.95804,0.500023,5210.457256,0.500023,4167.800153,0.76566
4105.734812,0.484397,2926.227696,0.406269,1544.383193,0.453146,6581.566891,0.43752,2540.475663,0.375017,7402.307586,0.390643,6994.867061,0.390643,5698.260834,0.453146,5245.599489,0.515649,4306.040856,0.593777
4106.297338,0.562526,3040.311043,0.343766,1544.961345,0.578151,6596.536327,0.359391,2540.803803,0.32814,7402.791983,0.484397,6998.632858,0.406269,5698.635851,0.375017,5339.681921,0.734409,4334.151518,0.359391
4247.100659,0.390643,3183.083203,0.5469,1545.664502,0.703157,6616.630996,0.359391,2825.05119,0.375017,7403.198251,0.406269,7176.797263,0.468771,5842.68932,0.43752,5425.74836,0.43752,4577.615788,0.781286
4247.56943,0.468771,3210.865725,0.43752,1550.664731,0.687531,6617.099768,0.468771,2837.036113,0.343766,7516.484687,0.406269,7222.330598,0.484397,5931.240249,0.375017,5570.442484,0.718783,4578.287694,0.671906
4407.608006,0.375017,3226.007043,0.531274,1553.36798,0.578151,6617.474785,0.375017,2875.334741,0.359391,7573.409168,0.32814,7500.921475,0.515649,5931.677769,0.43752,5571.145641,0.703157,4641.853103,0.562526
4408.123654,0.515649,3226.60082,0.593777,1553.91488,0.5469,6617.896679,0.421894,2937.009439,0.390643,7613.536005,0.578151,7501.405872,0.484397,5956.803919,0.578151,5775.889388,0.515649,4684.480054,0.406269
4408.623677,0.500023,3227.210223,0.609403,1554.446154,0.531274,6633.631775,0.625029,3046.530078,1.046923,7614.239162,0.703157,7518.391025,0.390643,6028.307192,0.390643,5902.113916,0.687531,4684.980077,0.500023
4409.154952,0.531274,3358.98188,0.390643,1555.00868,0.562526,6634.209926,0.578151,3069.609259,1.20318,7659.006836,0.312514,7518.937925,0.5469,6295.241286,0.312514,5942.272004,0.562526,4709.543702,0.812537
4409.654974,0.500023,3359.4194,0.43752,1555.571205,0.562526,6725.260969,0.453146,3139.596838,0.453146,7667.632231,0.375017,7609.676453,0.500023,6473.358814,0.609403,6022.213163,0.500023,4745.951618,0.500023
4428.45271,0.5469,3359.778791,0.359391,1556.118105,0.5469,6913.707095,0.343766,3336.746487,0.515649,7782.950009,0.578151,7610.207728,0.531274,6566.581831,0.43752,6227.72257,0.515649,4847.409387,0.468771
4429.062113,0.609403,3427.547518,0.421894,1556.743134,0.625029,6978.49131,0.421894,3530.333473,0.843789,7783.528161,0.578151,7747.667145,0.343766,6622.787529,0.453146,6228.128839,0.406269,4847.831282,0.421894
4537.848342,0.32814,3427.953787,0.406269,1559.399506,0.562526,7209.892528,0.500023,3636.228945,0.43752,7951.488974,0.359391,7796.247494,0.500023,6623.225049,0.43752,6401.902418,0.43752,4853.503416,0.484397
4543.25484,0.343766,3535.161819,0.343766,1560.008909,0.609403,7210.361299,0.468771,3692.340889,0.453146,8287.16059,0.687531,7796.778768,0.531274,6623.725072,0.500023,6402.308687,0.406269,5112.046501,0.468771
4543.614231,0.359391,3548.303046,0.453146,1560.555809,0.5469,7312.553477,0.890666,3692.840912,0.500023,8287.988753,0.828163,8119.121648,0.921917,6624.084463,0.359391,6414.73113,0.406269,5193.9565,0.468771
4544.051751,0.43752,3548.740566,0.43752,1561.13396,0.578151,7499.718294,0.453146,3756.343819,0.593777,8288.926296,0.937543,8186.749744,0.468771,6679.446372,0.531274,6499.313127,0.421894,5305.664739,0.531274
4544.364266,0.312514,3549.084332,0.343766,1561.649609,0.515649,7531.594754,0.625029,4029.153182,0.828163,8289.770084,0.843789,8341.772465,0.500023,6709.65088,0.562526,6499.797524,0.484397,5328.181394,0.32814
4544.708031,0.343766,3549.443723,0.359391,1562.149632,0.500023,7588.034837,0.890666,4296.50917,0.468771,8290.426364,0.65628,8342.225611,0.453146,6810.639878,0.421894,6599.239576,1.265683,5502.673757,0.531274
4545.129926,0.421894,3549.771863,0.32814,1562.743409,0.593777,7678.226465,0.500023,4476.111141,0.625029,8291.238901,0.812537,8465.059359,0.578151,6827.093756,0.375017,6638.632004,0.5469,5539.394187,0.578151
4603.788861,0.640654,3594.102017,0.375017,1563.21218,0.468771,7678.710863,0.484397,4579.897141,0.32814,8313.177406,0.500023,8468.606396,0.421894,6989.83558,0.562526,6649.820016,0.578151,5688.557265,0.718783
4837.40893,1.250057,3596.02398,0.453146,1565.50916,0.5469,7685.133032,0.375017,4583.47543,0.5469,8313.536797,0.359391,8520.311888,0.890666,6990.49186,0.65628,6650.257536,0.43752,5689.229171,0.671906
4989.58777,0.609403,3596.383372,0.359391,1566.071686,0.562526,7776.121572,0.312514,4584.116085,0.640654,8313.92744,0.390643,8584.236689,0.687531,7028.852991,0.609403,6650.882565,0.625029,5867.440454,0.468771
4990.415933,0.828163,3596.758389,0.375017,1566.587335,0.515649,7787.231455,0.531274,4647.337729,0.421894,8318.646406,0.343766,8774.464147,0.531274,7044.291198,0.484397,6651.366962,0.484397,6059.480494,0.375017
5066.68505,0.453146,3597.102155,0.343766,1567.181112,0.593777,7853.312605,0.406269,4661.307118,0.343766,8318.95892,0.312514,9269.408678,0.921917,7053.119727,0.32814,6651.960739,0.593777,6277.53735,0.312514
5067.216324,0.531274,3702.685113,0.453146,1567.665509,0.484397,7905.143102,0.500023,4661.666509,0.359391,8515.45229,1.0938,9270.252466,0.843789,7170.421972,0.32814,6654.804619,0.390643,6580.957489,0.406269
5070.169584,0.43752,3727.764386,0.531274,1568.212409,0.5469,8068.400575,0.500023,4734.716728,0.500023,8594.909052,0.343766,9574.844533,0.32814,7188.62593,0.390643,6655.132759,0.32814,6676.805627,0.343766
5070.810238,0.640654,3728.217531,0.453146,1568.759309,0.5469,8076.447819,0.562526,4760.374153,0.750034,8609.644101,0.43752,9710.381988,0.421894,7188.95407,0.32814,6720.588881,0.390643,6677.133767,0.32814
5130.953616,0.484397,3913.616643,0.859414,1569.290583,0.531274,8174.202293,0.312514,4876.629474,0.890666,8840.389039,0.359391,9978.581764,0.515649,7189.407216,0.453146,6760.481332,0.515649,6678.852595,0.406269
5198.347326,0.578151,3914.601063,0.98442,1569.868735,0.578151,8181.562005,0.515649,4886.411172,0.375017,8840.779682,0.390643,10070.46097,0.5469,7315.866129,0.359391,6902.831598,0.43752,6679.290115,0.43752
5255.66245,0.375017,3966.822203,0.65628,1570.415635,0.5469,8192.625012,0.390643,4886.879943,0.468771,8872.046738,0.32814,10070.960993,0.500023,7328.272947,0.500023,6942.145898,0.921917,7303.990586,0.359391
5418.20114,0.515649,3967.353478,0.531274,1570.931283,0.515649,8245.611812,0.562526,4887.395592,0.515649,8872.421755,0.375017,10071.539144,0.578151,7328.66359,0.390643,7174.328401,0.703157,7304.318726,0.32814
5423.310749,0.640654,4002.776974,0.625029,1571.509435,0.578151,8256.315427,0.671906,4887.801861,0.406269,9051.601832,0.718783,10072.242301,0.703157,7361.305709,0.421894,7346.586286,0.43752,7482.701891,0.5469
5423.857649,0.5469,4062.623464,0.781286,1572.071961,0.562526,8256.846701,0.531274,4950.27347,0.5469,9135.496297,0.390643,10119.900733,0.484397,7382.166039,0.343766,7524.906949,0.750034,7495.108709,0.890666
5424.467052,0.609403,4063.404749,0.781286,1572.556358,0.484397,8308.645947,0.32814,5099.952197,0.484397,9135.88694,0.390643,10134.698285,0.468771,7401.760686,0.796911,7636.708942,0.359391,7495.983749,0.87504
5456.312259,0.671906,4064.123532,0.718783,1573.134509,0.578151,8327.396806,0.500023,5299.961352,0.359391,9162.747545,0.343766,10137.401534,0.468771,7483.889445,0.343766,7637.083959,0.375017,7578.503151,0.343766
5457.171674,0.859414,4114.782101,1.0938,1573.650158,0.515649,8471.184638,0.65628,5338.1506,0.375017,9212.921716,0.828163,10155.76175,0.609403,7488.170891,0.343766,7989.334458,0.390643,7580.159477,0.312514
5509.455317,0.703157,4116.204041,1.42194,1574.165807,0.515649,8565.548332,0.343766,5497.95479,0.43752,9536.967799,0.390643,10156.30865,0.5469,7551.81443,0.43752,8229.298568,0.421894,7741.135596,0.515649
5521.596498,0.609403,4117.438473,1.234432,1574.697081,0.531274,8598.456088,0.43752,5669.368886,0.421894,9569.922433,0.781286,10156.761795,0.453146,7599.832253,0.406269,8248.486946,0.453146,7750.901668,0.406269
5577.724067,0.671906,4194.723261,0.468771,1575.337735,0.640654,8850.967647,0.500023,6005.509273,0.406269,9645.003994,0.671906,10157.29307,0.531274,7620.911342,0.390643,8248.830712,0.343766,7773.79334,0.484397
5578.520978,0.796911,4195.348289,0.625029,1575.837758,0.500023,8851.35829,0.390643,6537.111731,0.734409,9847.372633,0.343766,10157.933724,0.640654,7686.289335,0.390643,8374.320831,0.515649,8058.21261,0.43752
5599.95946,0.343766,4214.333533,0.640654,1576.384658,0.5469,8942.143695,0.343766,6555.800087,0.421894,9851.90409,0.593777,10158.402495,0.468771,7708.727862,0.531274,8374.711474,0.390643,8077.307234,0.390643
5771.811076,0.500023,4215.083568,0.750034,1576.96281,0.578151,8942.581215,0.43752,6556.30011,0.500023,9868.686108,0.312514,10176.450197,0.578151,7709.274762,0.5469,8378.99292,0.359391,8141.153906,0.578151
5813.453607,0.453146,4224.677757,0.781286,1577.431581,0.468771,8984.989407,0.32814,6647.304275,0.703157,9875.639551,0.5469,10187.403823,0.531274,7816.71718,0.375017,8522.452611,0.906291,8146.904169,0.359391
5818.594468,0.484397,4268.961034,0.468771,1579.712935,0.609403,9008.631114,0.500023,6729.964309,0.500023,9889.718321,0.390643,10187.966349,0.562526,7881.938916,0.390643,8750.697434,0.375017,8475.028564,0.32814
5868.518628,0.421894,4361.652777,0.468771,1580.24421,0.531274,9051.179936,0.500023,6776.466438,0.32814,9997.879522,0.484397,10188.528874,0.562526,7882.282681,0.343766,8907.892129,1.000046,8498.732774,0.76566
6094.263336,0.515649,4397.841933,0.359391,1580.806736,0.562526,9065.524343,0.468771,6776.794578,0.32814,10016.817889,0.593777,10204.498355,0.578151,7884.564036,0.32814,9001.521415,0.453146,8528.03099,0.625029
6097.013462,0.500023,4417.592837,0.484397,1581.353636,0.5469,9447.354321,0.43752,6918.176049,0.625029,10020.630563,0.531274,10204.998378,0.500023,8234.330046,0.484397,9220.234552,0.453146,8980.254816,0.43752
6231.00397,0.453146,4425.171309,0.562526,1581.931787,0.578151,9459.511127,0.515649,7093.480949,0.359391,10021.208715,0.578151,10205.545278,0.5469,8434.620464,0.359391,9298.363128,0.98442,9039.788791,0.562526
6299.866498,0.515649,4439.187576,0.515649,1582.447436,0.515649,9530.35812,0.828163,7155.32753,1.0938,10021.693112,0.484397,10206.154681,0.609403,8859.374282,0.390643,9309.644894,0.390643,9082.134479,0.859414
6396.917815,0.453146,4503.39364,0.468771,1583.009961,0.562526,9553.718565,0.468771,7192.329224,0.500023,10022.365018,0.671906,10206.748458,0.593777,8887.578698,0.375017,9310.129292,0.484397,9083.150151,1.015671
6608.92752,0.687531,4545.379936,0.625029,1583.588113,0.578151,9554.140459,0.421894,7265.551325,0.421894,10033.693661,0.703157,10214.686322,0.500023,8887.984967,0.406269,9535.686491,0.468771,9233.016386,0.312514
6609.552548,0.625029,4853.503416,0.640654,1584.088136,0.500023,9556.640574,0.421894,7277.12998,0.531274,10086.64921,0.5469,10215.139467,0.453146,8888.344358,0.359391,9536.20214,0.515649,9233.3289,0.312514
6614.927794,0.5469,4854.003438,0.500023,1584.650661,0.562526,9668.067549,0.578151,7408.995391,0.421894,10087.227362,0.578151,10217.342693,0.562526,8910.704757,0.406269,9536.686537,0.484397,9341.927621,0.98442
6615.5997,0.671906,5039.683813,0.500023,1585.181936,0.531274,9668.739455,0.671906,7599.488486,0.5469,10087.74301,0.515649,10246.359647,0.500023,8911.032897,0.32814,9537.280314,0.593777,9342.787036,0.859414
6771.872478,0.390643,5086.295321,0.468771,1585.744462,0.562526,9744.914816,0.65628,7786.090778,0.562526,10088.164905,0.421894,10249.219152,0.640654,9129.636653,0.468771,9668.192557,0.500023,9586.34506,0.953169
6818.171473,0.390643,5086.81097,0.515649,1586.26011,0.515649,9760.165514,0.640654,7786.622052,0.531274,10088.743056,0.578151,10249.687924,0.468771,9209.07779,0.468771,9712.616465,0.578151,9587.141971,0.796911
7110.684862,0.375017,5139.907151,0.750034,1586.775759,0.515649,9832.965722,0.5469,8439.88633,0.515649,10089.336833,0.593777,10250.234824,0.5469,9277.127779,0.531274,9922.891716,0.468771,9588.267023,1.125051
7128.748189,0.421894,5140.516553,0.609403,1587.400787,0.625029,9841.903631,0.98442,8525.374619,0.703157,10089.82123,0.484397,10250.875478,0.640654,9398.992733,0.312514,10064.710707,0.453146,9917.844609,0.43752
7129.216961,0.468771,5141.297839,0.781286,1587.932062,0.531274,9955.799469,0.593777,8568.579721,0.312514,10090.352505,0.531274,10253.438096,0.578151,9399.336498,0.343766,10081.461474,0.312514,9938.908073,0.359391
7181.063084,0.421894,5142.000996,0.703157,1588.478962,0.5469,9974.737836,0.500023,8665.912302,0.453146,10090.80565,0.453146,10254.031873,0.593777,9399.664639,0.32814,10081.852117,0.390643,9968.331295,0.406269
7193.719913,0.390643,5142.672902,0.671906,1590.760316,0.531274,10031.584188,0.453146,8804.371764,0.312514,10095.759002,0.562526,10254.469393,0.43752,9419.212408,0.515649,10135.682706,0.500023,9968.815692,0.484397
7194.126182,0.406269,5164.267641,0.843789,1591.322842,0.562526,10032.099837,0.515649,8804.684279,0.312514,10096.321528,0.562526,10255.078796,0.609403,9527.264229,0.453146,10151.71469,0.359391,9969.268838,0.453146
7295.458945,0.43752,5165.111429,0.843789,1591.885368,0.562526,10032.552983,0.453146,8805.090547,0.406269,10096.837177,0.515649,10255.656947,0.578151,9822.105851,0.390643,10154.511693,0.468771,9971.940835,0.421894
7319.397541,0.468771,5238.646046,0.484397,1592.416642,0.531274,10055.42903,0.375017,8889.953807,0.453146,10097.446579,0.609403,10277.532948,0.312514,9822.433991,0.32814,10154.902336,0.390643,10039.350171,0.750034
7343.211131,0.375017,5368.995762,0.43752,1592.979168,0.562526,10163.980874,0.484397,8957.675657,1.031297,10101.290505,0.609403,10331.269783,0.562526,9850.544652,0.32814,10160.527593,0.406269,10048.491214,0.531274
7343.648651,0.43752,5369.323902,0.32814,1593.494816,0.515649,10262.079114,0.468771,8972.332578,0.312514,10101.837405,0.5469,10331.722929,0.453146,9888.249503,0.453146,10161.01199,0.484397,10048.928734,0.43752
7344.039294,0.390643,5369.636417,0.312514,1594.119845,0.625029,10296.002542,0.343766,9065.868109,0.87504,10102.36868,0.531274,10339.035764,0.484397,9888.702649,0.453146,10284.158252,0.468771,10152.40222,0.593777
7364.383975,0.484397,5369.948931,0.312514,1596.682462,0.562526,10329.394696,0.531274,9242.219932,0.687531,10102.91558,0.5469,10339.567038,0.531274,9889.140169,0.43752,10322.941278,0.375017,10152.949121,0.5469
7423.91795,0.687531,5370.277071,0.32814,1597.182485,0.500023,10357.520983,0.703157,9253.876715,0.468771,10103.446854,0.531274,10351.270699,0.640654,10031.974832,0.43752,10326.097672,0.578151,10153.449143,0.500023
7496.749409,0.43752,5541.675541,0.65628,1597.745011,0.562526,10358.11476,0.593777,9374.272851,0.390643,10104.040631,0.593777,10354.067702,0.531274,10047.709928,0.390643,10424.524052,0.343766,10153.996043,0.5469
7497.233806,0.484397,5576.427132,0.718783,1598.307537,0.562526,10377.803161,0.500023,9378.523046,0.500023,10104.650034,0.609403,10357.317851,0.453146,10048.116196,0.406269,10437.071502,0.484397,10249.484789,0.43752
7509.734379,0.65628,5653.415031,0.390643,1598.901314,0.593777,10388.319268,0.484397,9412.446474,0.421894,10105.165683,0.515649,10366.068251,0.578151,10096.149645,0.375017,10447.040708,0.359391,10256.578864,0.453146
7510.328156,0.593777,5699.073371,0.468771,1599.370085,0.468771,10397.632194,0.468771,9546.327602,0.515649,10105.790711,0.625029,10366.630777,0.562526,10096.555913,0.406269,10533.200902,0.484397,10269.376325,0.593777
7559.642913,0.5469,5699.526517,0.453146,1599.979488,0.609403,10435.118285,0.578151,9725.617059,0.484397,10106.321986,0.531274,10367.193303,0.562526,10096.977808,0.421894,10533.763428,0.562526,10269.876348,0.500023
7631.23994,0.5469,5941.08445,0.640654,1600.510762,0.531274,10447.884494,0.515649,9753.587089,0.890666,10106.822009,0.500023,10370.427826,0.5469,10097.399702,0.421894,10556.139452,0.343766,10270.313868,0.43752
7631.646209,0.406269,5941.756356,0.671906,1601.073288,0.562526,10569.577565,0.453146,9857.873113,0.671906,10107.353283,0.531274,10370.927849,0.500023,10261.016567,0.421894,10614.64213,0.390643,10270.782639,0.468771
7632.052478,0.406269,5942.256378,0.500023,1601.65144,0.578151,10569.92133,0.343766,10111.478472,0.468771,10107.900183,0.5469,10371.584129,0.65628,10347.770538,0.515649,10615.126527,0.484397,10287.549032,0.390643
7827.436421,0.312514,5942.865781,0.609403,1602.135837,0.484397,10621.329934,0.32814,10157.574332,0.421894,10108.38458,0.484397,10372.084152,0.500023,10513.137482,0.32814,10615.51717,0.390643,10313.018948,0.453146
7837.014985,0.76566,5943.443933,0.578151,1602.713988,0.578151,10621.704951,0.375017,10178.247153,0.390643,10108.993983,0.609403,10372.615426,0.531274,10513.543751,0.406269,10627.736479,0.43752,10319.112977,0.65628
7860.391055,0.359391,5944.053336,0.609403,1603.29214,0.578151,10622.079968,0.375017,10178.684673,0.43752,10109.494006,0.500023,10373.193577,0.578151,10543.295113,0.343766,10628.127122,0.390643,10363.974405,0.562526
7952.410892,0.421894,5964.444894,0.421894,1603.776537,0.484397,10622.470611,0.390643,10198.623085,0.500023,10110.02528,0.531274,10376.553106,0.562526,10612.032634,0.359391,10628.611519,0.484397,10364.521305,0.5469
8251.862099,0.390643,5964.913666,0.468771,1604.370314,0.593777,10622.876879,0.406269,10199.232488,0.609403,10110.57218,0.5469,10377.053129,0.500023,10647.940528,0.390643,10631.330394,0.359391,10365.036954,0.515649
8252.174614,0.312514,6240.504406,0.687531,1604.917214,0.5469,10701.130461,0.390643,10199.670008,0.43752,10111.181583,0.609403,10377.678158,0.625029,10648.362422,0.421894,10748.570135,0.312514,10373.162326,0.375017
8482.466405,0.43752,6289.006626,0.359391,1605.464114,0.5469,10723.178346,0.406269,10200.232534,0.562526,10111.728483,0.5469,10392.616341,0.343766,10653.222019,0.359391,10753.054716,0.453146,10384.537846,0.578151
8556.610424,0.32814,6314.101525,0.453146,1606.042266,0.578151,10753.523485,0.343766,10200.716931,0.484397,10112.259758,0.531274,10413.976694,0.5469,10653.706417,0.484397,10912.468263,0.375017,10413.757934,0.578151
8556.969815,0.359391,6420.075125,0.625029,1606.542289,0.500023,10753.86725,0.343766,10201.326334,0.609403,10112.822283,0.562526,10487.355053,0.421894,10680.520144,0.515649,10914.546483,0.406269,10414.336085,0.578151
8604.112598,0.578151,6427.341083,0.484397,1607.214194,0.671906,10876.966635,0.359391,10201.810731,0.484397,10113.353558,0.531274,10487.73007,0.375017,10681.113921,0.593777,10967.408278,0.390643,10414.804857,0.468771
8956.269343,0.453146,6428.012989,0.671906,1609.886192,0.531274,10877.357278,0.390643,10202.373257,0.562526,10113.900458,0.5469,10516.106369,0.32814,10681.598318,0.484397,11013.988535,0.515649,10415.367383,0.562526
9029.522696,0.359391,6495.844219,1.437566,1610.40184,0.515649,,,10205.654657,0.578151,10114.447358,0.5469,10516.418883,0.312514,,,11085.179293,0.453146,10415.85178,0.484397
9029.835211,0.312514,6537.174236,0.593777,1610.94874,0.5469,,,10206.139055,0.484397,10114.931755,0.484397,10516.809526,0.390643,,,11085.554311,0.375017,10419.195683,0.484397
9113.948436,0.375017,7078.605269,0.484397,1611.49564,0.5469,,,10206.81096,0.671906,10115.494281,0.562526,10517.168918,0.359391,,,11107.352183,0.453146,10419.758209,0.562526
9461.933115,0.500023,7079.105292,0.500023,1611.995663,0.500023,,,10251.781769,0.531274,10116.025555,0.531274,10602.266563,0.484397,,,11212.388241,0.343766,10428.633615,0.531274
9726.16396,0.734409,7079.761572,0.65628,1612.58944,0.593777,,,10252.234915,0.453146,10116.525578,0.500023,10602.829089,0.562526,,,11228.498354,0.468771,10429.180515,0.5469
9758.665447,0.390643,7266.113853,0.43752,1613.120715,0.531274,,,10328.254019,0.484397,10117.056852,0.531274,10603.375989,0.5469,,,11457.383831,0.500023,10429.758666,0.578151
9759.118593,0.453146,7525.516352,0.421894,1613.651989,0.531274,,,10328.722791,0.468771,10117.603752,0.5469,10741.351054,0.453146,,,11493.401104,0.343766,10430.258689,0.500023
9759.571739,0.453146,7733.619628,1.250057,1614.183263,0.531274,,,10329.254065,0.531274,10118.150652,0.5469,10759.086241,0.500023,,,11571.670312,0.421894,10430.774338,0.515649
9777.07254,0.500023,7734.775931,1.156303,1614.66766,0.484397,,,10418.586279,0.43752,10118.744429,0.593777,10759.586264,0.500023,,,11652.752149,0.500023,10435.477678,0.609403
9777.650691,0.578151,7756.323792,0.609403,1615.308315,0.640654,,,10420.539494,0.359391,10119.244452,0.500023,10828.355037,0.43752,,,11673.518724,0.375017,10435.993327,0.515649
9861.513905,0.718783,7756.776938,0.453146,1619.105364,0.531274,,,10456.603644,0.468771,10119.775727,0.531274,10862.200336,0.359391,,,11733.787108,0.453146,10436.60273,0.609403
10061.210546,0.43752,7892.439398,0.843789,1619.699141,0.593777,,,10456.994287,0.390643,10120.353878,0.578151,10862.559728,0.359391,,,11745.709529,0.515649,10437.055875,0.453146
10082.852161,0.421894,7893.298812,0.859414,1620.136661,0.43752,,,10691.14563,0.468771,10120.885152,0.531274,10949.469956,0.343766,,,11746.225177,0.515649,10439.821627,0.562526
10083.242804,0.390643,8014.71062,0.750034,1620.777315,0.640654,,,10771.19617,0.421894,10121.416427,0.531274,10998.425322,0.312514,,,11746.678323,0.453146,10440.337276,0.515649
10083.742827,0.500023,8060.228329,0.750034,1621.261712,0.484397,,,10771.52431,0.32814,10121.932075,0.515649,10999.941016,0.312514,,,11795.305549,0.531274,10440.899801,0.562526
10101.853031,0.468771,8061.103369,0.87504,1623.402435,0.453146,,,10793.087797,0.390643,10122.494601,0.562526,11000.331659,0.390643,,,11818.71287,0.375017,10441.337321,0.43752
10263.282295,0.609403,8062.165918,1.062549,1624.011838,0.609403,,,10820.714061,0.500023,10123.041501,0.5469,11000.644173,0.312514,,,11885.137786,0.468771,10443.571799,0.515649
10286.127091,0.43752,8468.059497,0.734409,1624.621241,0.609403,,,10821.198458,0.484397,10123.525898,0.484397,11001.034816,0.390643,,,11890.450529,0.453146,10444.118699,0.5469
10295.408766,0.5469,8482.013261,0.515649,1625.13689,0.515649,,,10946.016672,0.343766,10124.057173,0.531274,11016.473023,0.531274,,,11952.062724,0.531274,10444.649973,0.531274
10295.94004,0.531274,8492.795004,0.375017,1625.652538,0.515649,,,10946.376063,0.359391,10124.619698,0.562526,11017.082426,0.609403,,,11966.469634,0.5469,10445.196873,0.5469
10296.48694,0.5469,8543.17231,0.500023,1626.23069,0.578151,,,10946.813583,0.43752,10125.182224,0.562526,11029.598624,0.421894,,,11966.891528,0.421894,10445.743773,0.5469
10297.018215,0.531274,8734.790457,0.593777,1626.77759,0.5469,,,10980.455748,0.375017,10125.682247,0.500023,11069.569203,0.359391,,,12028.784986,0.453146,10446.259422,0.515649
10297.58074,0.562526,8832.341797,0.921917,1627.308864,0.531274,,,11059.47499,0.375017,10126.260398,0.578151,11074.131912,0.406269,,,12045.785764,0.531274,10446.837573,0.578151
10298.12764,0.5469,8833.216837,0.87504,1627.887016,0.578151,,,11194.231159,0.468771,10126.791673,0.531274,11103.117614,0.32814,,,12146.290365,0.421894,10447.415725,0.578151
10298.643289,0.515649,8892.938321,1.140677,1628.465167,0.578151,,,11194.793684,0.562526,10127.307321,0.515649,11212.560124,0.468771,,,12146.774762,0.484397,10447.915747,0.500023
10299.143312,0.500023,9040.523202,1.109426,1628.949564,0.484397,,,11195.231205,0.43752,10127.82297,0.515649,11269.797119,0.531274,,,12147.321662,0.5469,10448.493899,0.578151
10299.705838,0.562526,9041.445119,0.921917,1629.543341,0.593777,,,11261.093594,0.43752,10128.401121,0.578151,11270.187762,0.390643,,,12279.952733,0.343766,10449.040799,0.5469
10303.456009,0.562526,9218.406344,0.593777,1630.074616,0.531274,,,11261.640494,0.5469,10128.869893,0.468771,11270.609656,0.421894,,,12284.859208,0.390643,10449.61895,0.578151
10304.002909,0.5469,9218.984496,0.578151,1630.652767,0.578151,,,11262.156143,0.515649,10129.416793,0.5469,11311.642784,0.609403,,,12335.220888,0.32814,10450.118973,0.500023
10304.518558,0.515649,9439.385209,0.390643,1631.137164,0.484397,,,11283.71963,0.453146,10129.948067,0.531274,11312.111556,0.468771,,,12369.191193,0.343766,10450.681499,0.562526
10305.081084,0.562526,9448.385621,0.343766,1631.715316,0.578151,,,,,10130.526219,0.578151,,,,,,,10451.25965,0.578151
10305.627984,0.5469,9456.77663,0.531274,1632.24659,0.531274,,,,,10131.026242,0.500023,,,,,,,10451.790925,0.531274
10317.472276,0.625029,9484.981046,0.640654,1632.824742,0.578151,,,,,10131.54189,0.515649,,,,,,,10452.322199,0.531274
10317.956673,0.484397,9485.887338,0.906291,1633.387267,0.562526,,,,,10132.057539,0.515649,,,,,,,10455.603599,0.500023
10322.956902,0.593777,9512.122914,0.671906,1633.88729,0.500023,,,,,10132.620064,0.562526,,,,,,,10456.166125,0.562526
10323.472551,0.515649,9512.888574,0.76566,1634.340436,0.453146,,,,,10133.151339,0.531274,,,,,,,10459.947548,0.500023
10324.081954,0.609403,9513.576105,0.687531,1637.153065,0.578151,,,,,10133.760742,0.609403,,,,,,,10460.603828,0.65628
10324.581976,0.500023,9566.750414,0.312514,1637.653088,0.500023,,,,,10134.229513,0.468771,,,,,,,10461.056974,0.453146
10325.160128,0.578151,9567.109806,0.359391,1638.262491,0.609403,,,,,10134.838916,0.609403,,,,,,,10461.603874,0.5469
10325.753905,0.593777,9567.437946,0.32814,1638.793765,0.531274,,,,,10135.338939,0.500023,,,,,,,10462.197651,0.593777
10400.397947,0.578151,9757.509146,0.937543,1639.371916,0.578151,,,,,10135.979593,0.640654,,,,,,,10465.494677,0.593777
10402.585547,0.578151,9758.509192,1.000046,1639.934442,0.562526,,,,,10141.261085,0.468771,,,,,,,10494.699139,0.625029
10403.101196,0.515649,9834.918939,0.703157,1640.450091,0.515649,,,,,10149.464586,0.468771,,,,,,,10495.230413,0.531274
10403.63247,0.531274,9839.153508,0.750034,1640.996991,0.5469,,,,,10150.027111,0.562526,,,,,,,10495.792939,0.562526
10417.883122,0.484397,9948.892906,0.406269,1641.512639,0.515649,,,,,10152.761611,0.484397,,,,,,,10496.386716,0.593777
10433.68072,0.578151,9949.314801,0.421894,1642.043914,0.531274,,,,,10157.683712,0.578151,,,,,,,10496.886739,0.500023
10444.196827,0.531274,10024.77138,0.375017,1642.575188,0.531274,,,,,10161.058866,0.500023,,,,,,,10497.511768,0.625029
10444.790604,0.593777,10079.211372,0.625029,1643.184591,0.609403,,,,,10161.605766,0.5469,,,,,,,10498.027416,0.515649
10445.337504,0.5469,10079.711395,0.500023,1643.731491,0.5469,,,,,10162.199543,0.593777,,,,,,,10498.714948,0.687531
10445.90003,0.562526,10080.336423,0.625029,1644.231514,0.500023,,,,,10162.668315,0.468771,,,,,,,10591.562948,0.406269
10446.431304,0.531274,10084.539741,0.515649,1644.747162,0.515649,,,,,10163.246466,0.578151,,,,,,,10591.922339,0.359391
10446.99383,0.562526,10085.055389,0.515649,1645.372191,0.625029,,,,,10172.27813,0.5469,,,,,,,10624.111313,0.562526
10447.556355,0.562526,10085.680418,0.625029,1645.872214,0.500023,,,,,10172.840656,0.562526,,,,,,,10664.331904,0.515649
10448.134507,0.578151,10086.242944,0.562526,1652.513143,0.562526,,,,,10173.37193,0.531274,,,,,,,10699.239752,0.375017
10448.63453,0.500023,10086.789844,0.5469,1653.060043,0.5469,,,,,10173.887578,0.515649,,,,,,,10699.771026,0.531274
10449.29081,0.65628,10087.289866,0.500023,1653.606943,0.5469,,,,,10176.043927,0.593777,,,,,,,10721.70953,0.390643
10449.775207,0.484397,10087.758638,0.468771,1654.122591,0.515649,,,,,10176.575202,0.531274,,,,,,,10722.115799,0.406269
10450.353359,0.578151,10094.868338,0.468771,1654.685117,0.562526,,,,,10177.075224,0.500023,,,,,,,10729.913031,0.484397
10450.884633,0.531274,10095.399613,0.531274,1655.169514,0.484397,,,,,10177.606499,0.531274,,,,,,,10738.897817,0.359391
10451.462784,0.578151,10101.618647,0.750034,1655.716414,0.5469,,,,,10178.200276,0.593777,,,,,,,10806.275901,0.312514
10451.994059,0.531274,10107.243905,0.640654,1656.27894,0.562526,,,,,10178.684673,0.484397,,,,,,,,
10452.57221,0.578151,10127.666715,0.640654,1656.872717,0.593777,,,,,10179.215947,0.531274,,,,,,,,
10453.087859,0.515649,10128.135486,0.468771,1657.388366,0.515649,,,,,10179.747222,0.531274,,,,,,,,
10453.650384,0.562526,10132.323178,0.453146,1657.935266,0.5469,,,,,10180.325373,0.578151,,,,,,,,
10454.21291,0.562526,10132.854452,0.531274,1658.450915,0.515649,,,,,10180.856647,0.531274,,,,,,,,
10454.728559,0.515649,10133.370101,0.515649,1659.060318,0.609403,,,,,10181.434799,0.578151,,,,,,,,
10455.30671,0.578151,10133.791995,0.421894,1659.700972,0.640654,,,,,10181.950448,0.515649,,,,,,,,
10455.85361,0.5469,10154.402313,0.593777,1662.357343,0.531274,,,,,10182.591102,0.640654,,,,,,,,
10456.416136,0.562526,10154.964839,0.562526,1665.107469,0.578151,,,,,10183.059873,0.468771,,,,,,,,
10457.009913,0.593777,10155.433611,0.468771,1665.638744,0.531274,,,,,10186.216268,0.5469,,,,,,,,
10457.556813,0.5469,10164.37152,0.640654,1666.154392,0.515649,,,,,10186.778794,0.562526,,,,,,,,
10458.119339,0.562526,10167.918557,0.468771,1674.467273,0.578151,,,,,10187.325694,0.5469,,,,,,,,
10458.650613,0.531274,10168.52796,0.609403,1675.029799,0.562526,,,,,10187.841342,0.515649,,,,,,,,
10459.228765,0.578151,10168.981106,0.453146,1675.639201,0.609403,,,,,10188.372617,0.531274,,,,,,,,
10459.775665,0.5469,10169.465503,0.484397,1676.248604,0.609403,,,,,10188.919517,0.5469,,,,,,,,
10460.385068,0.609403,10173.746949,0.515649,1692.608728,0.609403,,,,,10189.435165,0.515649,,,,,,,,
10460.931968,0.5469,10174.262598,0.515649,1693.233757,0.625029,,,,,10190.013317,0.578151,,,,,,,,
10461.416365,0.484397,10174.887626,0.625029,1693.827534,0.593777,,,,,10190.528965,0.515649,,,,,,,,
10461.916388,0.500023,10175.356398,0.468771,1694.452563,0.625029,,,,,10191.075865,0.5469,,,,,,,,
10462.478914,0.562526,10175.872046,0.515649,1761.518132,0.421894,,,,,10191.575888,0.500023,,,,,,,,
10463.025814,0.5469,10176.403321,0.531274,1761.940027,0.421894,,,,,10192.107162,0.531274,,,,,,,,
10463.635216,0.609403,10180.184744,0.625029,1777.050093,0.640654,,,,,10192.638437,0.531274,,,,,,,,
10464.166491,0.531274,10183.403641,0.515649,1777.550116,0.500023,,,,,10193.154085,0.515649,,,,,,,,
10464.635262,0.468771,10183.950541,0.5469,1778.143893,0.593777,,,,,10193.669734,0.515649,,,,,,,,
10475.667017,0.609403,10184.57557,0.625029,1778.643916,0.500023,,,,,10194.247885,0.578151,,,,,,,,
10476.229543,0.562526,10185.044341,0.468771,1779.237694,0.593777,,,,,10194.747908,0.500023,,,,,,,,
10561.077177,0.406269,10185.591241,0.5469,1779.675214,0.43752,,,,,10195.247931,0.500023,,,,,,,,
10596.078779,0.32814,10186.153767,0.562526,1810.348493,0.421894,,,,,10195.794831,0.5469,,,,,,,,
10703.271186,0.375017,10186.794421,0.640654,1937.619943,0.312514,,,,,10196.388608,0.593777,,,,,,,,
10703.708706,0.43752,10189.513296,0.578151,1937.932458,0.312514,,,,,10196.888631,0.500023,,,,,,,,
,,10190.028944,0.515649,2033.952478,0.375017,,,,,10197.466783,0.578151,,,,,,,,
,,10190.513341,0.484397,2050.468859,0.421894,,,,,10197.966806,0.500023,,,,,,,,
,,10192.841573,0.609403,2050.812625,0.343766,,,,,10198.529331,0.562526,,,,,,,,
,,10193.372847,0.531274,2069.188466,0.500023,,,,,10199.04498,0.515649,,,,,,,,
,,10193.966624,0.593777,2069.750992,0.562526,,,,,10199.654383,0.609403,,,,,,,,
,,10194.513525,0.5469,2165.583503,0.359391,,,,,10202.201375,0.531274,,,,,,,,
,,10195.029173,0.515649,2263.103592,0.32814,,,,,10202.7639,0.562526,,,,,,,,
,,10195.607325,0.578151,2346.310526,0.468771,,,,,10203.232672,0.468771,,,,,,,,
,,10196.076096,0.468771,2516.615196,0.375017,,,,,10203.732695,0.500023,,,,,,,,
,,10196.638622,0.562526,2516.990214,0.375017,,,,,10204.326472,0.593777,,,,,,,,
,,10197.185522,0.5469,2517.365231,0.375017,,,,,10204.873372,0.5469,,,,,,,,
,,10197.70117,0.515649,2555.679485,0.453146,,,,,10205.420272,0.5469,,,,,,,,
,,10198.216819,0.515649,2576.33668,0.500023,,,,,10206.014049,0.593777,,,,,,,,
,,10198.794971,0.578151,2582.290078,0.515649,,,,,10206.560949,0.5469,,,,,,,,
,,10199.373122,0.578151,2596.056333,0.359391,,,,,10207.092223,0.531274,,,,,,,,
,,10199.935648,0.562526,2955.385281,0.375017,,,,,10207.560995,0.468771,,,,,,,,
,,10200.466922,0.531274,3038.951606,0.87504,,,,,10208.107895,0.5469,,,,,,,,
,,10201.013822,0.5469,3039.764143,0.812537,,,,,10208.607918,0.500023,,,,,,,,
,,10201.560722,0.5469,3059.327539,0.812537,,,,,10209.186069,0.578151,,,,,,,,
,,10202.107622,0.5469,3060.374462,1.046923,,,,,10209.701718,0.515649,,,,,,,,
,,10202.576394,0.468771,3207.006174,1.109426,,,,,10210.232992,0.531274,,,,,,,,
,,10203.154545,0.578151,3208.068722,1.062549,,,,,10210.748641,0.515649,,,,,,,,
,,10203.701445,0.5469,3209.256277,1.187554,,,,,10211.342418,0.593777,,,,,,,,
,,10204.217094,0.515649,3210.350077,1.0938,,,,,10211.858067,0.515649,,,,,,,,
,,10204.763994,0.5469,3232.851107,1.031297,,,,,10212.389341,0.531274,,,,,,,,
,,10205.279642,0.515649,3266.540149,0.625029,,,,,10212.920615,0.531274,,,,,,,,
,,10205.779665,0.500023,3267.212055,0.671906,,,,,10213.498767,0.578151,,,,,,,,
,,10206.404694,0.625029,3420.219059,0.421894,,,,,10214.076918,0.578151,,,,,,,,
,,10206.904717,0.500023,3687.543796,0.640654,,,,,10214.592567,0.515649,,,,,,,,
,,10207.451617,0.5469,3688.262579,0.718783,,,,,10215.155092,0.562526,,,,,,,,
,,10207.998517,0.5469,3689.075116,0.812537,,,,,10215.733244,0.578151,,,,,,,,
,,10208.514165,0.515649,3714.779418,0.828163,,,,,10216.202015,0.468771,,,,,,,,
,,10209.04544,0.531274,3735.545993,0.718783,,,,,10216.795793,0.593777,,,,,,,,
,,10209.623591,0.578151,3779.71989,0.671906,,,,,10217.311441,0.515649,,,,,,,,
,,10210.154866,0.531274,3780.26679,0.5469,,,,,10217.873967,0.562526,,,,,,,,
,,10210.68614,0.531274,3800.548969,0.609403,,,,,10218.420867,0.5469,,,,,,,,
,,10211.186163,0.500023,3845.488526,0.937543,,,,,10219.014644,0.593777,,,,,,,,
,,10211.717437,0.531274,3855.629615,0.98442,,,,,10219.514667,0.500023,,,,,,,,
,,10212.248711,0.531274,3972.63497,0.890666,,,,,10220.045941,0.531274,,,,,,,,
,,10212.795611,0.5469,3973.463133,0.828163,,,,,10220.608467,0.562526,,,,,,,,
,,10213.342511,0.5469,4368.465589,0.562526,,,,,10221.21787,0.609403,,,,,,,,
,,10213.826909,0.484397,4477.829971,0.76566,,,,,10221.717893,0.500023,,,,,,,,
,,10214.436311,0.609403,4478.548753,0.718783,,,,,10222.31167,0.593777,,,,,,,,
,,10214.95196,0.515649,5004.744715,0.484397,,,,,10222.811693,0.500023,,,,,,,,
,,10215.467609,0.515649,5235.208389,0.703157,,,,,10223.374219,0.562526,,,,,,,,
,,10216.04576,0.578151,5235.927172,0.718783,,,,,10223.889867,0.515649,,,,,,,,
,,10216.514532,0.468771,5515.611849,0.609403,,,,,10224.468019,0.578151,,,,,,,,
,,10217.077057,0.562526,5599.459437,0.43752,,,,,10224.983667,0.515649,,,,,,,,
,,10217.623957,0.5469,5673.525328,1.109426,,,,,10225.530567,0.5469,,,,,,,,
,,10218.155232,0.531274,5708.776942,0.671906,,,,,10226.046216,0.515649,,,,,,,,
,,10218.686506,0.531274,5716.777308,0.718783,,,,,10226.593116,0.5469,,,,,,,,
,,10219.170903,0.484397,5771.232925,0.468771,,,,,10227.171268,0.578151,,,,,,,,
,,10219.717803,0.5469,5893.269762,0.562526,,,,,10227.67129,0.500023,,,,,,,,
,,10220.280329,0.562526,5978.258027,0.390643,,,,,10228.21819,0.5469,,,,,,,,
,,10220.827229,0.5469,5978.742424,0.484397,,,,,10228.76509,0.5469,,,,,,,,
,,10221.421006,0.593777,6371.463526,0.98442,,,,,10229.265113,0.500023,,,,,,,,
,,10221.889778,0.468771,6372.354192,0.890666,,,,,10229.843265,0.578151,,,,,,,,
,,10222.483555,0.593777,6377.104409,0.5469,,,,,10230.374539,0.531274,,,,,,,,
,,10222.967952,0.484397,6394.808345,0.562526,,,,,10230.937065,0.562526,,,,,,,,
,,10223.624232,0.65628,6433.513242,0.32814,,,,,10231.437088,0.500023,,,,,,,,
,,10229.015104,0.500023,6443.232436,0.375017,,,,,10231.983988,0.5469,,,,,,,,
,,10229.436998,0.421894,6443.638705,0.406269,,,,,10232.499636,0.515649,,,,,,,,
,,10232.265253,0.562526,6511.251175,0.390643,,,,,10233.062162,0.562526,,,,,,,,
,,10232.702773,0.43752,6518.860898,0.531274,,,,,10233.530934,0.468771,,,,,,,,
,,10237.140476,0.562526,6543.768288,0.32814,,,,,10234.109085,0.578151,,,,,,,,
,,10237.812382,0.671906,6717.104348,0.687531,,,,,10234.702862,0.593777,,,,,,,,
,,10243.68765,0.562526,6717.854382,0.750034,,,,,10237.343608,0.531274,,,,,,,,
,,10244.281428,0.593777,6718.760674,0.906291,,,,,10237.906134,0.562526,,,,,,,,
,,10244.781451,0.500023,6815.280717,1.046923,,,,,10238.46866,0.562526,,,,,,,,
,,10245.359602,0.578151,6816.421394,1.140677,,,,,10239.01556,0.5469,,,,,,,,
,,10245.937753,0.578151,6919.379232,0.859414,,,,,10239.593711,0.578151,,,,,,,,
,,10246.578408,0.640654,7111.841167,0.718783,,,,,10240.093734,0.500023,,,,,,,,
,,10247.094056,0.515649,7160.124627,0.593777,,,,,10240.718763,0.625029,,,,,,,,
,,10247.672208,0.578151,7184.578871,0.375017,,,,,10241.265663,0.5469,,,,,,,,
,,10248.187856,0.515649,7399.713718,0.671906,,,,,10241.765686,0.500023,,,,,,,,
,,10250.891105,0.562526,7405.995256,0.390643,,,,,10242.359463,0.593777,,,,,,,,
,,10251.344251,0.453146,7414.339388,0.734409,,,,,10242.937614,0.578151,,,,,,,,
,,10258.797717,0.421894,7580.659501,1.125051,,,,,10247.937843,0.515649,,,,,,,,
,,10259.375869,0.578151,7581.581418,0.921917,,,,,10248.375363,0.43752,,,,,,,,
,,10259.938394,0.562526,7630.22427,0.812537,,,,,10263.579184,0.515649,,,,,,,,
,,10260.50092,0.562526,7656.850489,0.531274,,,,,10302.674724,0.531274,,,,,,,,
,,10261.016569,0.515649,7721.040927,0.859414,,,,,10303.284127,0.609403,,,,,,,,
,,10261.610346,0.593777,7755.901898,0.406269,,,,,10303.909155,0.625029,,,,,,,,
,,10262.110369,0.500023,7978.865229,0.375017,,,,,10304.409178,0.500023,,,,,,,,
,,10262.610392,0.500023,8034.539653,0.484397,,,,,10304.987329,0.578151,,,,,,,,
,,10263.110415,0.500023,8119.981064,0.453146,,,,,10305.487352,0.500023,,,,,,,,
,,10263.704192,0.593777,8299.895549,1.0938,,,,,10305.987375,0.500023,,,,,,,,
,,10264.188589,0.484397,8542.703539,0.828163,,,,,10306.534275,0.5469,,,,,,,,
,,10264.782366,0.593777,8543.344193,0.640654,,,,,10307.128052,0.593777,,,,,,,,
,,10265.282389,0.500023,8675.318984,0.375017,,,,,10307.643701,0.515649,,,,,,,,
,,10265.844915,0.562526,8783.308302,0.953169,,,,,10308.237478,0.593777,,,,,,,,
,,10266.329312,0.484397,8784.245845,0.937543,,,,,10308.846881,0.609403,,,,,,,,
,,10266.907463,0.578151,8923.908488,0.76566,,,,,10309.346904,0.500023,,,,,,,,
,,10267.376235,0.468771,8924.627271,0.718783,,,,,10309.90943,0.562526,,,,,,,,
,,10267.970012,0.593777,9081.087558,0.5469,,,,,10310.471956,0.562526,,,,,,,,
,,10268.485661,0.515649,9266.736681,0.562526,,,,,10311.050107,0.578151,,,,,,,,
,,10269.095063,0.609403,9313.863838,0.609403,,,,,10311.643884,0.593777,,,,,,,,
,,10269.563835,0.468771,9314.410738,0.5469,,,,,10314.347133,0.500023,,,,,,,,
,,10274.970332,0.515649,9553.78107,0.718783,,,,,10314.94091,0.593777,,,,,,,,
,,10275.548484,0.578151,9565.531608,0.625029,,,,,10315.425307,0.484397,,,,,,,,
,,10276.032881,0.484397,9652.066819,0.687531,,,,,10316.081587,0.65628,,,,,,,,
,,10276.626658,0.593777,9794.745225,0.968794,,,,,10316.550359,0.468771,,,,,,,,
,,10277.09543,0.468771,9900.187551,0.32814,,,,,10323.753814,0.609403,,,,,,,,
,,10277.689207,0.593777,10010.567604,0.390643,,,,,10324.253836,0.500023,,,,,,,,
,,10278.220481,0.531274,10011.052001,0.484397,,,,,10328.254019,0.515649,,,,,,,,
,,10278.73613,0.515649,10021.802494,0.453146,,,,,10328.80092,0.5469,,,,,,,,
,,10279.204901,0.468771,10118.010022,0.531274,,,,,10329.363445,0.562526,,,,,,,,
,,10279.767427,0.562526,10118.588174,0.578151,,,,,10329.910345,0.5469,,,,,,,,
,,10280.314327,0.5469,10121.260171,0.562526,,,,,10330.472871,0.562526,,,,,,,,
,,10280.798724,0.484397,10121.822697,0.562526,,,,,10331.035397,0.562526,,,,,,,,
,,10281.345624,0.5469,10122.32272,0.500023,,,,,10331.597923,0.562526,,,,,,,,
,,10281.939401,0.593777,10128.354246,0.453146,,,,,10332.097945,0.500023,,,,,,,,
,,10282.423799,0.484397,10132.38568,0.5469,,,,,10332.676097,0.578151,,,,,,,,
,,10282.923821,0.500023,10136.073349,0.484397,,,,,10333.191746,0.515649,,,,,,,,
,,10283.501973,0.578151,10141.995495,0.531274,,,,,10333.8324,0.640654,,,,,,,,
,,10284.033247,0.531274,10142.604898,0.609403,,,,,10338.64512,0.531274,,,,,,,,
,,10284.564522,0.531274,10143.167424,0.562526,,,,,10339.207646,0.562526,,,,,,,,
,,10285.095796,0.531274,10143.604944,0.43752,,,,,10339.707669,0.500023,,,,,,,,
,,10285.611444,0.515649,10144.151844,0.5469,,,,,10340.270195,0.562526,,,,,,,,
,,10286.158345,0.5469,10144.71437,0.562526,,,,,10340.817095,0.5469,,,,,,,,
,,10286.658367,0.500023,10145.308147,0.593777,,,,,10341.395246,0.578151,,,,,,,,
,,10287.15839,0.500023,10145.792544,0.484397,,,,,10341.942146,0.5469,,,,,,,,
,,10287.689665,0.531274,10169.543631,0.578151,,,,,10342.520298,0.578151,,,,,,,,
,,10288.267816,0.578151,10170.153034,0.609403,,,,,10343.004695,0.484397,,,,,,,,
,,10288.767839,0.500023,10215.451983,0.515649,,,,,10343.582846,0.578151,,,,,,,,
,,10289.408493,0.640654,10215.998883,0.5469,,,,,10344.067243,0.484397,,,,,,,,
,,10294.846242,0.65628,10216.530157,0.531274,,,,,10344.520389,0.453146,,,,,,,,
,,10297.330731,0.500023,10217.155186,0.625029,,,,,10351.770721,0.500023,,,,,,,,
,,10297.924508,0.593777,10217.733337,0.578151,,,,,10352.411375,0.640654,,,,,,,,
,,10298.424531,0.500023,10265.485523,0.484397,,,,,10352.895772,0.484397,,,,,,,,
,,10299.018308,0.593777,10335.76999,0.562526,,,,,10353.473924,0.578151,,,,,,,,
,,10299.471454,0.453146,10336.332516,0.562526,,,,,10353.958321,0.484397,,,,,,,,
,,10300.049605,0.578151,10336.910667,0.578151,,,,,10354.505221,0.5469,,,,,,,,
,,10300.58088,0.531274,10342.864065,0.484397,,,,,10355.02087,0.515649,,,,,,,,
,,10301.12778,0.5469,10343.489094,0.625029,,,,,10355.583395,0.562526,,,,,,,,
,,10301.690305,0.562526,10358.333523,0.43752,,,,,10356.099044,0.515649,,,,,,,,
,,10302.22158,0.531274,10363.896278,0.5469,,,,,10356.692821,0.593777,,,,,,,,
,,10302.815357,0.593777,10364.443178,0.5469,,,,,10357.239721,0.5469,,,,,,,,
,,10303.362257,0.5469,10365.005703,0.562526,,,,,10357.817873,0.578151,,,,,,,,
,,10303.893531,0.531274,10365.536978,0.531274,,,,,10358.380399,0.562526,,,,,,,,
,,10304.487309,0.593777,10366.115129,0.578151,,,,,10358.989801,0.609403,,,,,,,,
,,10305.002957,0.515649,10366.646404,0.531274,,,,,10359.489824,0.500023,,,,,,,,
,,10305.440477,0.43752,10367.115175,0.468771,,,,,10360.114853,0.625029,,,,,,,,
,,10308.253106,0.5469,10367.740204,0.625029,,,,,10360.583624,0.468771,,,,,,,,
,,10312.112658,0.562526,10376.006207,0.578151,,,,,10364.833819,0.593777,,,,,,,,
,,10312.628306,0.515649,10376.474978,0.468771,,,,,10365.474473,0.640654,,,,,,,,
,,10313.175206,0.5469,10377.068756,0.593777,,,,,10366.06825,0.593777,,,,,,,,
,,10313.706481,0.531274,10377.60003,0.531274,,,,,10366.552648,0.484397,,,,,,,,
,,10314.237755,0.531274,10378.162556,0.562526,,,,,10376.521854,0.484397,,,,,,,,
,,10314.769029,0.531274,10378.631327,0.468771,,,,,10377.146883,0.625029,,,,,,,,
,,10315.284678,0.515649,10379.225104,0.593777,,,,,10377.615654,0.468771,,,,,,,,
,,10315.862829,0.578151,10590.469149,0.468771,,,,,10378.193805,0.578151,,,,,,,,
,,10316.425355,0.562526,10663.206853,0.406269,,,,,10378.756331,0.562526,,,,,,,,
,,10316.925378,0.500023,10663.519368,0.312514,,,,,10379.240728,0.484397,,,,,,,,
,,10317.472278,0.5469,10725.881597,0.343766,,,,,10379.850131,0.609403,,,,,,,,
,,10318.050429,0.578151,10726.27224,0.390643,,,,,10380.47516,0.625029,,,,,,,,
,,10318.581704,0.531274,10814.041883,0.421894,,,,,10380.959557,0.484397,,,,,,,,
,,10319.081727,0.500023,10814.557531,0.515649,,,,,10381.506457,0.5469,,,,,,,,
,,10319.613001,0.531274,10965.486315,0.671906,,,,,10382.100234,0.593777,,,,,,,,
,,10320.113024,0.500023,11094.851612,0.43752,,,,,10382.537754,0.43752,,,,,,,,
,,10320.628672,0.515649,11151.947975,0.484397,,,,,10385.366009,0.593777,,,,,,,,
,,10321.175572,0.5469,11169.026882,0.484397,,,,,10385.959786,0.593777,,,,,,,,
,,10321.722472,0.5469,11169.464402,0.43752,,,,,10386.506686,0.5469,,,,,,,,
,,10322.31625,0.593777,11203.669093,0.468771,,,,,10387.022335,0.515649,,,,,,,,
,,10322.831898,0.515649,11206.01295,0.43752,,,,,10387.569235,0.5469,,,,,,,,
,,10323.394424,0.562526,11206.387967,0.375017,,,,,10388.13176,0.562526,,,,,,,,
,,10323.925698,0.531274,11219.091674,0.406269,,,,,10388.725538,0.593777,,,,,,,,
,,10324.472598,0.5469,11230.420317,0.312514,,,,,10389.272438,0.5469,,,,,,,,
,,10325.019498,0.5469,11274.39108,0.406269,,,,,10389.803712,0.531274,,,,,,,,
,,10325.503896,0.484397,11342.597327,0.375017,,,,,10390.366238,0.562526,,,,,,,,
,,10326.097673,0.593777,11343.112976,0.515649,,,,,10390.944389,0.578151,,,,,,,,
,,10326.675824,0.578151,11409.94416,0.609403,,,,,10391.460038,0.515649,,,,,,,,
,,10327.207098,0.531274,11476.994104,0.43752,,,,,10392.053815,0.593777,,,,,,,,
,,10327.753999,0.5469,11477.322244,0.32814,,,,,10392.631966,0.578151,,,,,,,,
,,10328.347776,0.593777,11477.634758,0.312514,,,,,10393.116364,0.484397,,,,,,,,
,,10328.925927,0.578151,11477.962898,0.32814,,,,,10393.632012,0.515649,,,,,,,,
,,10329.441576,0.515649,11478.275413,0.312514,,,,,10394.178912,0.5469,,,,,,,,
,,10330.050979,0.609403,11478.634804,0.359391,,,,,10394.678935,0.500023,,,,,,,,
,,10330.691633,0.640654,11617.203647,0.43752,,,,,10395.335215,0.65628,,,,,,,,
,,10331.222907,0.531274,11704.645149,0.390643,,,,,10395.882115,0.5469,,,,,,,,
,,10337.410691,0.640654,,,,,,,,,,,,,,,,
,,10342.910942,0.609403,,,,,,,,,,,,,,,,
,,10343.442217,0.531274,,,,,,,,,,,,,,,,
,,10343.895362,0.453146,,,,,,,,,,,,,,,,
,,10346.23922,0.5469,,,,,,,,,,,,,,,,
,,10392.100694,0.562526,,,,,,,,,,,,,,,,
,,10392.647594,0.5469,,,,,,,,,,,,,,,,
,,10393.163243,0.515649,,,,,,,,,,,,,,,,
,,10393.678891,0.515649,,,,,,,,,,,,,,,,
,,10394.257043,0.578151,,,,,,,,,,,,,,,,
,,10394.85082,0.593777,,,,,,,,,,,,,,,,
,,10395.366468,0.515649,,,,,,,,,,,,,,,,
,,10395.913368,0.5469,,,,,,,,,,,,,,,,
,,10396.585274,0.671906,,,,,,,,,,,,,,,,
,,10399.257272,0.515649,,,,,,,,,,,,,,,,
,,10399.804172,0.5469,,,,,,,,,,,,,,,,
,,10400.366697,0.562526,,,,,,,,,,,,,,,,
,,10400.929223,0.562526,,,,,,,,,,,,,,,,
,,10401.491749,0.562526,,,,,,,,,,,,,,,,
,,10402.023023,0.531274,,,,,,,,,,,,,,,,
,,10402.554297,0.531274,,,,,,,,,,,,,,,,
,,10403.101197,0.5469,,,,,,,,,,,,,,,,
,,10403.648098,0.5469,,,,,,,,,,,,,,,,
,,10404.226249,0.578151,,,,,,,,,,,,,,,,
,,10404.788775,0.562526,,,,,,,,,,,,,,,,
,,10405.320049,0.531274,,,,,,,,,,,,,,,,
,,10410.851552,0.562526,,,,,,,,,,,,,,,,
,,10411.445329,0.593777,,,,,,,,,,,,,,,,
,,10412.054732,0.609403,,,,,,,,,,,,,,,,
,,10412.586007,0.531274,,,,,,,,,,,,,,,,
,,10415.414261,0.515649,,,,,,,,,,,,,,,,
,,10415.976787,0.562526,,,,,,,,,,,,,,,,
,,10416.523687,0.5469,,,,,,,,,,,,,,,,
,,10416.992458,0.468771,,,,,,,,,,,,,,,,
,,10417.617487,0.625029,,,,,,,,,,,,,,,,
,,10418.180013,0.562526,,,,,,,,,,,,,,,,
,,10418.711287,0.531274,,,,,,,,,,,,,,,,
,,10419.242561,0.531274,,,,,,,,,,,,,,,,
,,10419.773836,0.531274,,,,,,,,,,,,,,,,
,,10420.320736,0.5469,,,,,,,,,,,,,,,,
,,10420.85201,0.531274,,,,,,,,,,,,,,,,
,,10421.414536,0.562526,,,,,,,,,,,,,,,,
,,10421.930184,0.515649,,,,,,,,,,,,,,,,
,,10422.49271,0.562526,,,,,,,,,,,,,,,,
,,10423.023984,0.531274,,,,,,,,,,,,,,,,
,,10423.58651,0.562526,,,,,,,,,,,,,,,,
,,10424.13341,0.5469,,,,,,,,,,,,,,,,
,,10424.633433,0.500023,,,,,,,,,,,,,,,,
,,10425.164707,0.531274,,,,,,,,,,,,,,,,
,,10430.664959,0.531274,,,,,,,,,,,,,,,,
,,10431.243111,0.578151,,,,,,,,,,,,,,,,
,,10431.774385,0.531274,,,,,,,,,,,,,,,,
,,10432.305659,0.531274,,,,,,,,,,,,,,,,
,,10432.883811,0.578151,,,,,,,,,,,,,,,,
,,10433.399459,0.515649,,,,,,,,,,,,,,,,
,,10433.930734,0.531274,,,,,,,,,,,,,,,,
,,10434.524511,0.593777,,,,,,,,,,,,,,,,
,,10435.118288,0.593777,,,,,,,,,,,,,,,,
,,10439.430985,0.5469,,,,,,,,,,,,,,,,
,,10440.009137,0.578151,,,,,,,,,,,,,,,,
,,10440.540411,0.531274,,,,,,,,,,,,,,,,
,,10446.056289,0.593777,,,,,,,,,,,,,,,,
,,10446.603189,0.5469,,,,,,,,,,,,,,,,
,,10447.212592,0.609403,,,,,,,,,,,,,,,,
,,10447.759492,0.5469,,,,,,,,,,,,,,,,
,,10453.103486,0.609403,,,,,,,,,,,,,,,,
,,10453.619135,0.515649,,,,,,,,,,,,,,,,
,,10454.197286,0.578151,,,,,,,,,,,,,,,,
,,10454.712935,0.515649,,,,,,,,,,,,,,,,
,,10455.212958,0.500023,,,,,,,,,,,,,,,,
,,10455.791109,0.578151,,,,,,,,,,,,,,,,
,,10456.353635,0.562526,,,,,,,,,,,,,,,,
,,10460.369444,0.609403,,,,,,,,,,,,,,,,
,,10460.900718,0.531274,,,,,,,,,,,,,,,,
,,10461.353864,0.453146,,,,,,,,,,,,,,,,
,,10461.947641,0.593777,,,,,,,,,,,,,,,,
,,10465.30717,0.593777,,,,,,,,,,,,,,,,
,,10465.822819,0.515649,,,,,,,,,,,,,,,,
,,10466.385344,0.562526,,,,,,,,,,,,,,,,
,,10466.885367,0.500023,,,,,,,,,,,,,,,,
,,10708.115159,0.390643,,,,,,,,,,,,,,,,
,,10741.038541,0.343766,,,,,,,,,,,,,,,,
,,10807.729094,0.609403,,,,,,,,,,,,,,,,
,,10814.338772,0.515649,,,,,,,,,,,,,,,,
,,10865.10672,0.421894,,,,,,,,,,,,,,,,
,,10873.903998,0.515649,,,,,,,,,,,,,,,,
,,10874.325892,0.421894,,,,,,,,,,,,,,,,
,,10909.499377,0.359391,,,,,,,,,,,,,,,,
,,10938.578834,0.343766,,,,,,,,,,,,,,,,
,,10954.470186,0.484397,,,,,,,,,,,,,,,,
,,10954.907706,0.43752,,,,,,,,,,,,,,,,
,,11031.536214,0.375017,,,,,,,,,,,,,,,,
,,11031.848728,0.312514,,,,,,,,,,,,,,,,
,,11050.099563,0.578151,,,,,,,,,,,,,,,,
,,11130.0876,0.609403,,,,,,,,,,,,,,,,
,,11158.479524,0.562526,,,,,,,,,,,,,,,,
,,11167.354931,0.421894,,,,,,,,,,,,,,,,
,,11167.901831,0.5469,,,,,,,,,,,,,,,,
,,11168.495608,0.593777,,,,,,,,,,,,,,,,
,,11208.013042,0.562526,,,,,,,,,,,,,,,,
,,11302.298608,0.406269,,,,,,,,,,,,,,,,
,,11304.126816,0.359391,,,,,,,,,,,,,,,,
,,11304.501833,0.375017,,,,,,,,,,,,,,,,
,,11304.939353,0.43752,,,,,,,,,,,,,,,,
,,11314.002268,0.375017,,,,,,,,,,,,,,,,
,,11407.194034,0.390643,,,,,,,,,,,,,,,,
,,11424.366695,0.484397,,,,,,,,,,,,,,,,
,,11453.9618,0.468771,,,,,,,,,,,,,,,,
,,11538.825059,0.359391,,,,,,,,,,,,,,,,
,,11539.153199,0.32814,,,,,,,,,,,,,,,,
,,11539.543842,0.390643,,,,,,,,,,,,,,,,
,,11539.934485,0.390643,,,,,,,,,,,,,,,,
,,11540.403257,0.468771,,,,,,,,,,,,,,,,
,,11540.731397,0.32814,,,,,,,,,,,,,,,,
,,11541.059537,0.32814,,,,,,,,,,,,,,,,
,,11541.403302,0.343766,,,,,,,,,,,,,,,,
,,11557.325906,0.43752,,,,,,,,,,,,,,,,
,,11557.716549,0.390643,,,,,,,,,,,,,,,,
,,11558.091566,0.375017,,,,,,,,,,,,,,,,
,,11558.591589,0.500023,,,,,,,,,,,,,,,,
